combo_msku,available_combo_stock,components_count,components,stocks_per_component
CSTE_0341_Wands_Hermoine_Sunglasas,0,2,"['CSTE_0291_OT_Hermoine_wand', 'CSTE_0319_SG_HarryPotter_Round']","[42, 0]"
CSTE_0359_Wands_Hermoine_light_Sg,0,2,"['CSTE_0331_Wands_Hermoine_Light', 'CSTE_0319_SG_HarryPotter_Round']","[14, 0]"
CSTE_0354_Wands_Hermoine_light_MB,14,2,"['CSTE_0331_Wands_Hermoine_Light', 'CSTE_0020_MB_HP_Black']","[14, 84]"
CSTE_0335_Wands_Hermoine_MusicBox,42,2,"['CSTE_0291_OT_Hermoine_wand', 'CSTE_0020_MB_HP_Black']","[42, 84]"
CSTE_0358_Wands_Dumbledore_light_Sg,0,2,"['CSTE_0333_Wands_Dumbledore_Light', 'CSTE_0319_SG_HarryPotter_Round']","[89, 0]"
CSTE_0342_Wands_Dumbledore_Sunglasas,0,2,"['CSTE_0292_OT_Dumbledore_wand', 'CSTE_0319_SG_HarryPotter_Round']","[2, 0]"
CSTE_0353_Wands_DumbleD_light_MB,84,2,"['CSTE_0333_Wands_Dumbledore_Light', 'CSTE_0020_MB_HP_Black']","[89, 84]"
CSTE_0355_Wands_HP_light_Sg,0,2,"['CSTE_0330_Wands_Harrypotter_Light', 'CSTE_0319_SG_HarryPotter_Round']","[80, 0]"
CSTE_0340_Wands_Harrypotter_Sunglasas,0,2,"['CSTE_0294_OT_Harrypotter_new_wand', 'CSTE_0319_SG_HarryPotter_Round']","[0, 0]"
CSTE_0350_Wands_Harrypotter_light_MB,80,2,"['CSTE_0330_Wands_Harrypotter_Light', 'CSTE_0020_MB_HP_Black']","[80, 84]"
CSTE_0357_Wands_Voldemort_Light_Sg,0,2,"['CSTE_0332_Wands_LordVoldmort_Light', 'CSTE_0319_SG_HarryPotter_Round']","[0, 0]"
CSTE_0352_Wands_Voldemort_Light_MB,0,2,"['CSTE_0332_Wands_LordVoldmort_Light', 'CSTE_0020_MB_HP_Black']","[0, 84]"
CSTE_0345_Wands_Snape_Sunglasas,0,2,"['CSTE_0295_OT_Snape_wand', 'CSTE_0319_SG_HarryPotter_Round']","[59, 0]"
Minecraft_Small_Sword_Steve,208,2,"['CSTE_0470_ST_Minecraft_Sword_Small', 'CSTE_0418_ST_MineCraft_Steve']","[288, 208]"
ST-BTS-cooky-tata-FBA,0,2,"['CSTE_0007_ST_Bts_Pillow_Cooky', 'CSTE_0002_ST_Bts_Pillow_Tata']","[0, 0]"
ST-BTS-Cooky-RJ-FBA,0,2,"['CSTE_0007_ST_Bts_Pillow_Cooky', 'CSTE_0008_ST_Bts_Pillow_Rj']","[0, 0]"
ST-BTS-cooky-koya-rj-tata-FBA,0,4,"['CSTE_0007_ST_Bts_Pillow_Cooky', 'CSTE_0008_ST_Bts_Pillow_Rj', 'CSTE_0002_ST_Bts_Pillow_Tata', 'CSTE_0003_ST_Bts_Pillow_Koya']","[0, 0, 0, 0]"
ST-BTS-chimmy-cooky-koya-tata-FBA,0,4,"['CSTE_0007_ST_Bts_Pillow_Cooky', 'CSTE_0002_ST_Bts_Pillow_Tata', 'CSTE_0003_ST_Bts_Pillow_Koya', 'CSTE_0001_ST_Bts_Pillow_Chimmy']","[0, 0, 0, 0]"
ST-BTS-chimmy-van-FBA,0,2,"['CSTE_0001_ST_Bts_Pillow_Chimmy', 'CSTE_0006_ST_Bts_Pillow_Van']","[0, 0]"
ST-BTS-Chimmy-RJ-FBA,0,2,"['CSTE_0001_ST_Bts_Pillow_Chimmy', 'CSTE_0008_ST_Bts_Pillow_Rj']","[0, 0]"
ST-BTS-rj-shooky-FBA,0,2,"['CSTE_0008_ST_Bts_Pillow_Rj', 'CSTE_0005_ST_Bts_Pillow_Shooky']","[0, 0]"
ST-BTS-Koya-tata-FBA,0,2,"['CSTE_0003_ST_Bts_Pillow_Koya', 'CSTE_0002_ST_Bts_Pillow_Tata']","[0, 0]"
steve_zombie,108,2,"['CSTE_0418_ST_MineCraft_Steve', 'CSTE_0420_ST_MineCraft_Zombie']","[208, 108]"
steve_creeper,208,2,"['CSTE_0418_ST_MineCraft_Steve', 'CSTE_0419_ST_MineCraft_Creeper']","[208, 250]"
steve_lama,165,2,"['CSTE_0418_ST_MineCraft_Steve', 'CSTE_0437_ST_Minecraft_Lama_Brown']","[208, 165]"
ST-BTS-RJ-tata-FBA,0,2,"['CSTE_0008_ST_Bts_Pillow_Rj', 'CSTE_0002_ST_Bts_Pillow_Tata']","[0, 0]"
ST-BTS-shooky-tata-FBA,0,2,"['CSTE_0005_ST_Bts_Pillow_Shooky', 'CSTE_0002_ST_Bts_Pillow_Tata']","[0, 0]"
ST-BTS-cooky-Chimmy-FBA,0,2,"['CSTE_0007_ST_Bts_Pillow_Cooky', 'CSTE_0001_ST_Bts_Pillow_Chimmy']","[0, 0]"
ST-BTS-KOYA-Cooky-FBA,0,2,"['CSTE_0003_ST_Bts_Pillow_Koya', 'CSTE_0007_ST_Bts_Pillow_Cooky']","[0, 0]"
ST-BTS-koya-rj-shooky-cooky-FBA,0,4,"['CSTE_0003_ST_Bts_Pillow_Koya', 'CSTE_0008_ST_Bts_Pillow_Rj', 'CSTE_0005_ST_Bts_Pillow_Shooky', 'CSTE_0007_ST_Bts_Pillow_Cooky']","[0, 0, 0, 0]"
ST-BTS-cooky-van-FBA,0,2,"['CSTE_0007_ST_Bts_Pillow_Cooky', 'CSTE_0006_ST_Bts_Pillow_Van']","[0, 0]"
ST-BTS-koya-rj-shooky-chimmy-FBA,0,4,"['CSTE_0003_ST_Bts_Pillow_Koya', 'CSTE_0008_ST_Bts_Pillow_Rj', 'CSTE_0005_ST_Bts_Pillow_Shooky', 'CSTE_0001_ST_Bts_Pillow_Chimmy']","[0, 0, 0, 0]"
ST-BTS-koya-rj-shooky-tata-FBA,0,4,"['CSTE_0003_ST_Bts_Pillow_Koya', 'CSTE_0008_ST_Bts_Pillow_Rj', 'CSTE_0005_ST_Bts_Pillow_Shooky', 'CSTE_0002_ST_Bts_Pillow_Tata']","[0, 0, 0, 0]"
ST-BTS-cooky-shooky-FBA,0,2,"['CSTE_0007_ST_Bts_Pillow_Cooky', 'CSTE_0005_ST_Bts_Pillow_Shooky']","[0, 0]"
ST-BTS-chimmy-cooky-koya-Shooky,0,4,"['CSTE_0001_ST_Bts_Pillow_Chimmy', 'CSTE_0007_ST_Bts_Pillow_Cooky', 'CSTE_0003_ST_Bts_Pillow_Koya', 'CSTE_0005_ST_Bts_Pillow_Shooky']","[0, 0, 0, 0]"
ST-BTS-shooky-van-FBA,0,2,"['CSTE_0005_ST_Bts_Pillow_Shooky', 'CSTE_0006_ST_Bts_Pillow_Van']","[0, 0]"
ST-BTS-Koya-van-FBA,0,2,"['CSTE_0003_ST_Bts_Pillow_Koya', 'CSTE_0006_ST_Bts_Pillow_Van']","[0, 0]"
ST-BTS-shooky-tata-chimmy-cooky,0,4,"['CSTE_0005_ST_Bts_Pillow_Shooky', 'CSTE_0002_ST_Bts_Pillow_Tata', 'CSTE_0001_ST_Bts_Pillow_Chimmy', 'CSTE_0007_ST_Bts_Pillow_Cooky']","[0, 0, 0, 0]"
ST-BTS-Chimmy-Shooky-FBA,0,2,"['CSTE_0001_ST_Bts_Pillow_Chimmy', 'CSTE_0007_ST_Bts_Pillow_Cooky']","[0, 0]"
ST-BTS-Koya-Shooky-FBA,0,2,"['CSTE_0003_ST_Bts_Pillow_Koya', 'CSTE_0005_ST_Bts_Pillow_Shooky']","[0, 0]"
ST-BTS-van-tata-FBA,0,2,"['CSTE_0006_ST_Bts_Pillow_Van', 'CSTE_0002_ST_Bts_Pillow_Tata']","[0, 0]"
ST-BTS-chimmy-tata-FBA,0,2,"['CSTE_0001_ST_Bts_Pillow_Chimmy', 'CSTE_0002_ST_Bts_Pillow_Tata']","[0, 0]"
ST-BTS-Koya-Chimmy-FBA,0,2,"['CSTE_0003_ST_Bts_Pillow_Koya', 'CSTE_0001_ST_Bts_Pillow_Chimmy']","[0, 0]"
BTS-Mang-Chimmy,0,2,"['CSTE_0004_ST_Bts_Pillow_Mang', 'CSTE_0001_ST_Bts_Pillow_Chimmy']","[0, 0]"
ST-BTS-chimmy-cooky-koya-rj-FBA,0,4,"['CSTE_0001_ST_Bts_Pillow_Chimmy', 'CSTE_0007_ST_Bts_Pillow_Cooky', 'CSTE_0003_ST_Bts_Pillow_Koya', 'CSTE_0008_ST_Bts_Pillow_Rj']","[0, 0, 0, 0]"
ST-BTS-koya-rj-FBA,0,2,"['CSTE_0003_ST_Bts_Pillow_Koya', 'CSTE_0008_ST_Bts_Pillow_Rj']","[0, 0]"
CSTE_0290_OT_Harrypotter_wand,0,2,"['CSTE_0294_OT_Harrypotter_new_wand', 'CSTE_0020_MB_HP_Black']","[0, 84]"
Harrypotter_wand,0,2,"['CSTE_0294_OT_Harrypotter_new_wand', 'CSTE_0020_MB_HP_Black']","[0, 84]"
WB-IEVN-6335,49,2,"['CSTE_0293_OT_Voldemort_wand', 'CSTE_0020_MB_HP_Black']","[49, 84]"
CSTE_0343_Wands_Lord Voldmort_Sunglasas,0,2,"['CSTE_0293_OT_Voldemort_wand', 'CSTE_0319_SG_HarryPotter_Round']","[49, 0]"
CSTE_0350_Wands_Hp_light_MB,80,2,"['CSTE_0330_Wands_Harrypotter_Light', 'CSTE_0020_MB_HP_Black']","[80, 84]"
CSTE_0351_Wands_snape_Light_MB,0,2,"['CSTE_0380_Wands_Snape_Light', 'CSTE_0020_MB_HP_Black']","[0, 84]"
CSTE_0356_Wands_snape_Light_Sg,0,2,"['CSTE_0380_Wands_Snape_Light', 'CSTE_0319_SG_HarryPotter_Round']","[0, 0]"
Hermoine_light_SG,0,2,"['CSTE_0331_Wands_Hermoine_Light', 'CSTE_0319_SG_HarryPotter_Round']","[14, 0]"
Baby Swaddle_UPD_Pink_Combo,0,2,"['CSTE_0364_Swaddle_Unicorn_Print', 'CSTE_O0306_OT_UnicornPlantableDiary_Pink']","[0, 0]"
Baby Swaddle_UPD_Black_Combo,0,2,"['CSTE_0364_Swaddle_Unicorn_Print', 'CSTE_O0307_OT_UnicornPlantableDiary_Black']","[0, 0]"
ST-BTS-RJ-van-FBA,0,2,"['CSTE_0008_ST_Bts_Pillow_Rj', 'CSTE_0006_ST_Bts_Pillow_Van']","[0, 0]"
ST-BTS-chimmy-cooky-koya-van-FBA,0,4,"['CSTE_0001_ST_Bts_Pillow_Chimmy', 'CSTE_0007_ST_Bts_Pillow_Cooky', 'CSTE_0003_ST_Bts_Pillow_Koya', 'CSTE_0006_ST_Bts_Pillow_Van']","[0, 0, 0, 0]"
ST-BTS-koya-rj-shooky-van-FBA,0,4,"['CSTE_0003_ST_Bts_Pillow_Koya', 'CSTE_0008_ST_Bts_Pillow_Rj', 'CSTE_0005_ST_Bts_Pillow_Shooky', 'CSTE_0006_ST_Bts_Pillow_Van']","[0, 0, 0, 0]"
ST-BTS-van-chimmy-cooky-koya-FBA,0,4,"['CSTE_0006_ST_Bts_Pillow_Van', 'CSTE_0001_ST_Bts_Pillow_Chimmy', 'CSTE_0007_ST_Bts_Pillow_Cooky', 'CSTE_0003_ST_Bts_Pillow_Koya']","[0, 0, 0, 0]"
ST-bts-throw-Army,0,8,"['CSTE_0001_ST_Bts_Pillow_Chimmy', 'CSTE_0002_ST_Bts_Pillow_Tata', 'CSTE_0003_ST_Bts_Pillow_Koya', 'CSTE_0004_ST_Bts_Pillow_Mang', 'CSTE_0005_ST_Bts_Pillow_Shooky', 'CSTE_0006_ST_Bts_Pillow_Van', 'CSTE_0007_ST_Bts_Pillow_Cooky', 'CSTE_0008_ST_Bts_Pillow_Rj']","[0, 0, 0, 0, 0, 0, 0, 0]"
ST-BTS-rj-shooky-van-tata-FBA,0,4,"['CSTE_0008_ST_Bts_Pillow_Rj', 'CSTE_0005_ST_Bts_Pillow_Shooky', 'CSTE_0006_ST_Bts_Pillow_Van', 'CSTE_0002_ST_Bts_Pillow_Tata']","[0, 0, 0, 0]"
BTS-mang-RJ,0,2,"['CSTE_0004_ST_Bts_Pillow_Mang', 'CSTE_0008_ST_Bts_Pillow_Rj']","[0, 0]"
zombie_creeper,108,2,"['CSTE_0420_ST_MineCraft_Zombie', 'CSTE_0419_ST_MineCraft_Creeper']","[108, 250]"
Lama_Creeper_Combo,165,2,"['CSTE_0437_ST_Minecraft_Lama_Brown', 'CSTE_0419_ST_MineCraft_Creeper']","[165, 250]"
Lama_Ghast_Combo,44,2,"['CSTE_0437_ST_Minecraft_Lama_Brown', 'CSTE_0421_ST_MineCraft_Ghost']","[165, 44]"
MB_COMBO_HBDBROWN_UAREMYSUNSHINE,0,2,"['CSTE_0014_MB_HBD_Brown', 'CSTE_0060_MB_YouAreMySunshine_Brown']","[386, 0]"
MB_COMBO_HBDBLACK_MH,0,2,"['CSTE_0015_MB_HBD_Black', 'CSTE_0194_MB_MH3Joker_Brown']","[0, 4]"
MB_COMBO_HBDBLK_SUNSHINE,0,2,"['CSTE_0015_MB_HBD_Black', 'CSTE_0060_MB_YouAreMySunshine_Brown']","[0, 0]"
MB_COMBO_HPGREEN_HBDPINK,0,2,"['CSTE_0018_MB_HP_Green', 'CSTE_0016_MB_HBD_Pink']","[0, 2]"
MB_COMBO_HPGREEN_HBDRED,0,2,"['CSTE_0018_MB_HP_Green', 'CSTE_0013_MB_HBD_Red']","[0, 0]"
MB_COMBO_HPGREEN_HBDWHITE,0,2,"['CSTE_0018_MB_HP_Green', 'CSTE_0036_MB_HBD_White']","[0, 0]"
MB_COMBO_HPGREEN_LETITGO,0,2,"['CSTE_0018_MB_HP_Green', 'CSTE_0047_MB_LetItGo_Brown']","[0, 0]"
MB_COMBO_HPGREEN_MH2,0,2,"['CSTE_0018_MB_HP_Green', 'CSTE_0192_MB_MHA3_Black']","[0, 0]"
MB_COMBO_HPGREEN_MH3,0,2,"['CSTE_0018_MB_HP_Green', 'CSTE_0193_MB_MHA6_Black']","[0, 0]"
MB_COMBO_HPGREEN_MHBLACK,0,2,"['CSTE_0018_MB_HP_Green', 'CSTE_0196_MB_MHA2_Black']","[0, 0]"
MB_COMBO_HPBLACK_HBDBROWN,84,2,"['CSTE_0020_MB_HP_Black', 'CSTE_0014_MB_HBD_Brown']","[84, 386]"
MB_COMBO_HBDPINK_BEATLES,0,2,"['CSTE_0016_MB_HBD_Pink', 'CSTE_0022_MB_Beatles_Brown']","[2, 0]"
MB_COMBO_BB_GOT_Black,0,2,"['CSTE_0023_MB_BeautyandBeast_Black', 'CSTE_0030_MB_Got_Black']","[0, 0]"
MB_COMBO_BB_HBD_Brown,0,2,"['CSTE_0023_MB_BeautyandBeast_Black', 'CSTE_0014_MB_HBD_Brown']","[0, 386]"
MB_COMBO_BB_Money3Joker,0,2,"['CSTE_0023_MB_BeautyandBeast_Black', 'CSTE_0194_MB_MH3Joker_Brown']","[0, 4]"
MB_COMBO_BB_MoneyHeist3,0,2,"['CSTE_0023_MB_BeautyandBeast_Black', 'CSTE_0196_MB_MHA2_Black']","[0, 0]"
MB_COMBO_BB_MoneyHeist7,0,2,"['CSTE_0023_MB_BeautyandBeast_Black', 'CSTE_0192_MB_MHA3_Black']","[0, 0]"
MB_COMBO_BB_MoneyHeist8,0,2,"['CSTE_0023_MB_BeautyandBeast_Black', 'CSTE_0200_MB_MHLasaCasaDePapel_Brown']","[0, 4]"
MB_COMBO_BB_Pirate,0,2,"['CSTE_0023_MB_BeautyandBeast_Black', 'CSTE_0053_MB_PiratesofCarribean_Brown']","[0, 0]"
MB_COMBO_WINTERBROWN_BEAUTYBEST,0,2,"['CSTE_0030_MB_Got_Black', 'CSTE_0024_MB_BeautyandBeast_Brown']","[0, 0]"
MK11AF MB_COMBO_BB_DBALL,0,2,"['CSTE_0023_MB_BeautyandBeast_Black', 'CSTE_0070_MB_DragonBallZ_Red']","[0, 0]"
MB_COMBO_FRIEND_CASTLEINTHESKY,0,2,"['CSTE_0028_MB_Friends_NewBrown', 'CSTE_0026_MB_Castle_Unicorn']","[0, 0]"
MB_COMBO_FRIENDS_STARWARS,0,2,"['CSTE_0028_MB_Friends_NewBrown', 'CSTE_0056_MB_Starwar_Blue']","[0, 0]"
MB_COMBO_BB_HP_White,0,2,"['CSTE_0023_MB_BeautyandBeast_Black', 'CSTE_0039_MB_HP_White']","[0, 0]"
MB_COMBO_HBDBROWN-HPWHITE,0,2,"['CSTE_0014_MB_HBD_Brown', 'CSTE_0039_MB_HP_White']","[386, 0]"
MB_COMBO_LALALAND_GODFATHER,0,2,"['CSTE_0043_MB_Lalaland_Brown', 'CSTE_0033_MB_GodFather_Brown']","[0, 0]"
MB_COMBO_LALALAND_LETITGO,0,2,"['CSTE_0043_MB_Lalaland_Brown', 'CSTE_0047_MB_LetItGo_Brown']","[0, 0]"
MB_COMBO_LALALAND_PP,0,2,"['CSTE_0043_MB_Lalaland_Brown', 'CSTE_0050_MB_PinkPanther_Brown']","[0, 0]"
MB_COMBO_LALALAND_THEBEATLES,0,2,"['CSTE_0043_MB_Lalaland_Brown', 'CSTE_0022_MB_Beatles_Brown']","[0, 0]"
MB_COMBO_LALALAND_URMYSUNSHINE,0,2,"['CSTE_0043_MB_Lalaland_Brown', 'CSTE_0060_MB_YouAreMySunshine_Brown']","[0, 0]"
MB_COMBO_HBDBLACK_LETITGO,0,2,"['CSTE_0015_MB_HBD_Black', 'CSTE_0047_MB_LetItGo_Brown']","[0, 0]"
MB_COMBO_TWINKLE_HBDPPINK,0,2,"['CSTE_0048_MB_LittleStar_Brown', 'CSTE_0016_MB_HBD_Pink']","[0, 2]"
MB_COMBO_TWINKLE_PINKPANTHER,0,2,"['CSTE_0048_MB_LittleStar_Brown', 'CSTE_0050_MB_PinkPanther_Brown']","[0, 0]"
MB_COMBO_BB_StarWarsBlue,0,2,"['CSTE_0023_MB_BeautyandBeast_Black', 'CSTE_0056_MB_Starwar_Blue']","[0, 0]"
MB_COMBO_BB_StarWarsBrown,0,2,"['CSTE_0023_MB_BeautyandBeast_Black', 'CSTE_0055_MB_Starwar_Brown']","[0, 0]"
MB_COMBO_HBDBROWN_STARWAERBLACK,0,2,"['CSTE_0014_MB_HBD_Brown', 'CSTE_0054_MB_Starwar_Black']","[386, 0]"
FUSKED-COMBO-REVERSIBLEOCTOPUSTOYS-6,0,2,"['CSTE_0115_ST_Rev_Oct_BlueOrange', 'CSTE_0115_ST_Rev_Oct_BlueOrange']","[0, 0]"
FUSKED-COMBO-REVERSIBLE OCTOPUS-14,0,2,"['CSTE_0122_ST_Rev_Oct_RedYellow', 'CSTE_0120_ST_Rev_Oct_PurpleGreen']","[0, 0]"
17*17_PillowCover_Combo,0,1,['CSTE_0237_HD_PillowCover_Brown'],[0]
Brush_makeup_Blue,0,1,['CSTE_O0102_OT_ToothBrushKit'],[0]
"Rudrav_RJ & Tata Plush Pillow, Animal Stuffed Toys Throw Pillow",0,2,"['CSTE_0002_ST_Bts_Pillow_Tata', 'CSTE_0008_ST_Bts_Pillow_Rj']","[0, 0]"
"FUSKED Chimmy & Cooky Plush Pillow, Animal Stuffed Toy",0,2,"['CSTE_0001_ST_Bts_Pillow_Chimmy', 'CSTE_0007_ST_Bts_Pillow_Cooky']","[0, 0]"
"Rudrav_Chimmy & Cooky Plush Pillow, Animal Stuffed Toys",0,2,"['CSTE_0001_ST_Bts_Pillow_Chimmy', 'CSTE_0007_ST_Bts_Pillow_Cooky']","[0, 0]"
"FUSKED Cooky & Tata Plush Pillow, Animal Stuffed Toys Throw",0,2,"['CSTE_0007_ST_Bts_Pillow_Cooky', 'CSTE_0002_ST_Bts_Pillow_Tata']","[0, 0]"
Harrypotter_wands_musicbox,0,2,"['CSTE_0294_OT_Harrypotter_new_wand', 'CSTE_0020_MB_HP_Black']","[0, 84]"
wands_harryPotter_musicbox,0,2,"['CSTE_0294_OT_Harrypotter_new_wand', 'CSTE_0020_MB_HP_Black']","[0, 84]"
hermoine_wand_musicbox,42,2,"['CSTE_0291_OT_Hermoine_wand', 'CSTE_0020_MB_HP_Black']","[42, 84]"
wands_hermoine_musicbox,42,2,"['CSTE_0291_OT_Hermoine_wand', 'CSTE_0020_MB_HP_Black']","[42, 84]"
Dumbledore_wand_musicbox,2,2,"['CSTE_0292_OT_Dumbledore_wand', 'CSTE_0020_MB_HP_Black']","[2, 84]"
wands_Dumbledore_Musicbox,2,2,"['CSTE_0292_OT_Dumbledore_wand', 'CSTE_0020_MB_HP_Black']","[2, 84]"
LordVoldmort_wand_musicbox,49,2,"['CSTE_0293_OT_Voldemort_wand', 'CSTE_0020_MB_HP_Black']","[49, 84]"
voldmort_wand_musicbox,49,2,"['CSTE_0293_OT_Voldemort_wand', 'CSTE_0020_MB_HP_Black']","[49, 84]"
new_harrypotter_wand_musicbox,0,2,"['CSTE_0294_OT_Harrypotter_new_wand', 'CSTE_0020_MB_HP_Black']","[0, 84]"
wand_new_harrypotter_musicbox,0,2,"['CSTE_0294_OT_Harrypotter_new_wand', 'CSTE_0020_MB_HP_Black']","[0, 84]"
harrypotter_sunglass_wand,0,2,"['CSTE_0294_OT_Harrypotter_new_wand', 'CSTE_0319_SG_HarryPotter_Round']","[0, 0]"
Wands_HarryPotter_Sunglass,0,2,"['CSTE_0294_OT_Harrypotter_new_wand', 'CSTE_0319_SG_HarryPotter_Round']","[0, 0]"
hermoine_sunglass_wand,0,2,"['CSTE_0291_OT_Hermoine_wand', 'CSTE_0319_SG_HarryPotter_Round']","[42, 0]"
Wands_hermoine_sunglass,0,2,"['CSTE_0291_OT_Hermoine_wand', 'CSTE_0319_SG_HarryPotter_Round']","[42, 0]"
Dumbledore_sunglass_wand,0,2,"['CSTE_0292_OT_Dumbledore_wand', 'CSTE_0319_SG_HarryPotter_Round']","[2, 0]"
Wands_Dumbledore_Sunglasas,0,2,"['CSTE_0292_OT_Dumbledore_wand', 'CSTE_0319_SG_HarryPotter_Round']","[2, 0]"
Wands_Lord Voldmort_Sunglasas,0,2,"['CSTE_0293_OT_Voldemort_wand', 'CSTE_0319_SG_HarryPotter_Round']","[49, 0]"
Voldmort_sunglass_wand,0,2,"['CSTE_0293_OT_Voldemort_wand', 'CSTE_0319_SG_HarryPotter_Round']","[49, 0]"
Snape_Sunglass_wand,0,2,"['CSTE_0295_OT_Snape_wand', 'CSTE_0319_SG_HarryPotter_Round']","[59, 0]"
Wands_Snape_Sunglass,0,2,"['CSTE_0295_OT_Snape_wand', 'CSTE_0319_SG_HarryPotter_Round']","[59, 0]"
"RUDRAV_RJ, Shooky, Van & Tata Plush Pillow, Animal Stuffed Toys",0,4,"['CSTE_0008_ST_Bts_Pillow_Rj', 'CSTE_0005_ST_Bts_Pillow_Shooky', 'CSTE_0006_ST_Bts_Pillow_Van', 'CSTE_0002_ST_Bts_Pillow_Tata']","[0, 0, 0, 0]"
CSTE_0407_OT_HP_Scarf_SG,0,2,"['CSTE_0407_OT_HP_Scarf_SG', 'CSTE_0407_OT_HP_Scarf_SG']","[0, 0]"
CSTE_Combo_Melody_Kuromi,36,2,"['CSTE_0483_ST_Animal_Kitty_MyMelody_Pink', 'CSTE_0482_ST_Animal_Kitty_Kuromi_Black']","[68, 36]"
HOC_A9_MB_MH,4,1,['CSTE_0200_MB_MHLasaCasaDePapel_Brown'],[4]
HOC_Bella_Ciao_MH_Black,0,1,['CSTE_0207_MB_BellaCiao_Black'],[0]
HOC_birthdaytunered01,0,1,['CSTE_0013_MB_HBD_Red'],[0]
HOC_Brown-La-Vie-Rose-Brown,0,1,['CSTE_0045_MB_LavienRose_Brown'],[0]
HOC_Caribbean-Pirates,0,1,['CSTE_0053_MB_PiratesofCarribean_Brown'],[0]
HOC_CSTE_0073_MB_ILoveToTheMoon_Black,0,1,['CSTE_0073_MB_ILoveToTheMoon_Black'],[0]
HOC_FK- MUSIC BOX -HAPPY BIRTHDAY FOR SPECIAL ONES- PINK,2,1,['CSTE_0016_MB_HBD_Pink'],[2]
HOC_Four-Head-Brown-Beatles,0,1,['CSTE_0022_MB_Beatles_Brown'],[0]
HOC_Happy_birthday_white,0,1,['CSTE_0036_MB_HBD_White'],[0]
HOC_hbd_black_mb,0,1,['CSTE_0015_MB_HBD_Black'],[0]
HOC_MB_Queen_Black,0,1,['CSTE_0088_MB_Queen_Black'],[0]
HOC_MH A14 Brown MB,4,1,['CSTE_0200_MB_MHLasaCasaDePapel_Brown'],[4]
HOC_MH_A5_BLACK MB,0,1,['CSTE_0207_MB_BellaCiao_Black'],[0]
HOC_MH_Mask_Brown,1,1,['CSTE_0195_MB_MHA13_Brown'],[1]
HOC_MHAll_Black_MB,0,1,['CSTE_0197_MB_MHAll_Black'],[0]
HOC_moneyhiestA15,17,1,['CSTE_0204_MB_MHA12_Brown'],[17]
HOC_MusicBox_Queen,0,1,['CSTE_0082_MB_Queen_Brown'],[0]
HOC_Pirate_DavyJones_mb,6,1,['CSTE_0260_MB_Pirate_DavyJones'],[6]
HOC_Pirates of The Caribbean_BLACK,22,1,['CSTE_0052_MB_PiratesofCarribean_Black'],[22]
HOC_Simpsons_Music_Box_Brown,14,1,['CSTE_0083_MB_Simpsons_Brown'],[14]
HOC_TO MY WIFE WITH PHOTO_BROWN,0,1,['CSTE_0058_MB_ToMyWife_BrownWithPhoto'],[0]
HOC_Tree_MB_MerryChristmas,0,1,['CSTE_0348_MB_MerryChristmas_TreeRed'],[0]
HOC_YOU ARE MY SUNSHINE_BLACK,0,1,['CSTE_0059_MB_YouAreMySunshine_Black'],[0]
15694321,0,1,['CSTE_O0431_OT_Soft_Keychain_Shooky'],[0]
23654985,0,2,"['CSTE_O0436_OT_Dinasour_Soft_toy', 'CSTE_O0047_OT_DinasourPencilSet']","[0, 0]"
Owl_Keyholder_Purple,0,1,['CSTE_O0401_OT_KeyHolder_WinkCat_Purple'],[0]
Lilo_Stitch_Breathing_Stitch,88,2,"['CSTE_0460_ST_Animal_Stitch_Lina_Bear', 'CSTE_0488_ST_Animal_Breathing_Stitch_Blue']","[88, 137]"
Maru_Bear_Love_a_Lot_Bear,39,2,"['CSTE_0458_ST_Animal_Love_Lot_Bear', 'CSTE_0456_ST_Animal_Maru_Bear']","[39, 56]"
Battlegame,0,1,['CSTE_0378_OT_BattleGame_Toy'],[0]
CJ_Makeup_Org_Black_Brushes,0,2,"['CSTE_O0376_OT_Makeup_Brushes_Set', 'CSTE_0314_Organizer_Makeup_Black']","[16, 0]"
Duck_Keychain_Flower_Duck,0,2,"['CSTE_0519_ST_Animal_Sitting_Duck_Flower', 'CSTE_0509_ST_Animal_Duck_Soft_Keychain']","[0, 4]"
Dumbledore_Stand,0,2,"['CSTE_0292_OT_Dumbledore_wand', 'CSTE_0408_Wands_Stand_Metal']","[2, 0]"
30548764,0,1,['CSTE_0118_ST_Rev_Oct_DarkBluePink'],[0]
32056420,0,1,['CSTE_0007_ST_Bts_Pillow_Cooky'],[0]
Harry_stand,0,2,"['CSTE_0294_OT_Harrypotter_new_wand', 'CSTE_0408_Wands_Stand_Metal']","[0, 0]"
Hermoine_stand,0,2,"['CSTE_0291_OT_Hermoine_wand', 'CSTE_0408_Wands_Stand_Metal']","[42, 0]"
Kuromi_My Melody,36,2,"['CSTE_0482_ST_Animal_Kitty_Kuromi_Black', 'CSTE_0483_ST_Animal_Kitty_MyMelody_Pink']","[36, 68]"
CSTE_0523_ST_Animal_Bow_Sheep,9,1,['CSTE_0523_ST_Animal_Bow_Sheep_White_Brown'],[9]
Messanger_Cat_Combo,40,2,"['CSTE_O0001_OT_TeddyFaceCat_Brown', 'CSTE_O0003_OT_TeddyFaceCat_Blue']","[42, 40]"
Messenger_Cat_UPD_Pink,0,2,"['CSTE_O0001_OT_TeddyFaceCat_Brown', 'CSTE_O0306_OT_UnicornPlantableDiary_Pink']","[42, 0]"
harry_musicbox_wand_new,0,2,"['CSTE_0294_OT_Harrypotter_new_wand', 'CSTE_0020_MB_HP_Black']","[0, 84]"
musicbox_harry_wand,0,2,"['CSTE_0294_OT_Harrypotter_new_wand', 'CSTE_0020_MB_HP_Black']","[0, 84]"
wand_harrypotter_musicbox,0,2,"['CSTE_0294_OT_Harrypotter_new_wand', 'CSTE_0020_MB_HP_Black']","[0, 84]"
musicbox_volmort_wand,49,2,"['CSTE_0293_OT_Voldemort_wand', 'CSTE_0020_MB_HP_Black']","[49, 84]"
wand_volmort_musicbox,49,2,"['CSTE_0293_OT_Voldemort_wand', 'CSTE_0020_MB_HP_Black']","[49, 84]"
harry_potter_newwand_music,0,2,"['CSTE_0294_OT_Harrypotter_new_wand', 'CSTE_0020_MB_HP_Black']","[0, 84]"
newwand_harry_musicbox,0,2,"['CSTE_0294_OT_Harrypotter_new_wand', 'CSTE_0020_MB_HP_Black']","[0, 84]"
wand_music_box_harry_new,0,2,"['CSTE_0294_OT_Harrypotter_new_wand', 'CSTE_0020_MB_HP_Black']","[0, 84]"
harrypotter_sunglasses_wand,0,2,"['CSTE_0294_OT_Harrypotter_new_wand', 'CSTE_0319_SG_HarryPotter_Round']","[0, 0]"
sunglasses_wand_harrypotter,0,2,"['CSTE_0294_OT_Harrypotter_new_wand', 'CSTE_0319_SG_HarryPotter_Round']","[0, 0]"
harry_potter_sunglasses,0,2,"['CSTE_0294_OT_Harrypotter_new_wand', 'CSTE_0319_SG_HarryPotter_Round']","[0, 0]"
sunglasses_harry_potter,0,2,"['CSTE_0294_OT_Harrypotter_new_wand', 'CSTE_0319_SG_HarryPotter_Round']","[0, 0]"
potter_hermoine_sunglasses,0,2,"['CSTE_0291_OT_Hermoine_wand', 'CSTE_0319_SG_HarryPotter_Round']","[42, 0]"
sunglasses_harry_hermoine,0,2,"['CSTE_0291_OT_Hermoine_wand', 'CSTE_0319_SG_HarryPotter_Round']","[42, 0]"
dumbledore_sunglasses_wand,0,2,"['CSTE_0292_OT_Dumbledore_wand', 'CSTE_0319_SG_HarryPotter_Round']","[2, 0]"
harry_dumbledore_sunglass,0,2,"['CSTE_0292_OT_Dumbledore_wand', 'CSTE_0319_SG_HarryPotter_Round']","[2, 0]"
harry_voldmort_sunglass,0,2,"['CSTE_0293_OT_Voldemort_wand', 'CSTE_0319_SG_HarryPotter_Round']","[49, 0]"
potter_sunglass_voldmort,0,2,"['CSTE_0293_OT_Voldemort_wand', 'CSTE_0319_SG_HarryPotter_Round']","[49, 0]"
sunglasses_wandlord_voldmort,0,2,"['CSTE_0293_OT_Voldemort_wand', 'CSTE_0319_SG_HarryPotter_Round']","[49, 0]"
CSTE_0353_Wands_Dumbledore_light_MB,84,2,"['CSTE_0333_Wands_Dumbledore_Light', 'CSTE_0020_MB_HP_Black']","[89, 84]"
CSTE_0355_Wands_Harrypotter_light_SG,0,2,"['CSTE_0330_Wands_Harrypotter_Light', 'CSTE_0319_SG_HarryPotter_Round']","[80, 0]"
Messenger_Cat_UPD_Black,0,2,"['CSTE_O0001_OT_TeddyFaceCat_Brown', 'CSTE_O0307_OT_UnicornPlantableDiary_Black']","[42, 0]"
CSTE_O0364_SnitchBall_3dLamp,0,1,['CSTE_O0364_SnitchBall_3dLamp'],[0]
squeeze_toy_3,0,3,"['CSTE_O0442_OT_Squeeze_White', 'CSTE_O0443_OT_Squeeze_Yellow', 'CSTE_O0444_OT_Squeeze_Purple']","[2, 3, 0]"
CJ_Makeup_Org_Pink_Brushes,16,1,['CSTE_O0376_OT_Makeup_Brushes_Set'],[16]
Compression_Kit_Toiletry_Bottle_Combo,102,1,['CSTE_0429_Org_Compression_Kit_Cream'],[102]
CJ_Makeup_Org_Purple_Brushes,0,1,['CSTE_0316_Organizer_Makeup_Purple'],[0]
NEW_HARRY_POTTER_MUSIC_BOX,0,1,['CSTE_0294_OT_Harrypotter_new_wand'],[0]
Snape_stand,0,2,"['CSTE_0295_OT_Snape_wand', 'CSTE_0408_Wands_Stand_Metal']","[59, 0]"
Voldemort_stand,0,2,"['CSTE_0293_OT_Voldemort_wand', 'CSTE_0408_Wands_Stand_Metal']","[49, 0]"
32587421,0,2,"['CSTE_O0436_OT_Dinasour_Soft_toy', 'CSTE_O0047_OT_DinasourPencilSet']","[0, 0]"
32645101,0,1,['CSTE_0002_ST_Bts_Pillow_Tata'],[0]
BigPillow_Combo,0,4,"['CSTE_0009_ST_Bts_LongPillow_Chimmy', 'CSTE_0012_ST_Bts_LongPillow_Cooky', 'CSTE_0011_ST_Bts_LongPillow_Koya', 'CSTE_0010_ST_Bts_LongPillow_Tata']","[0, 0, 0, 0]"
26ltr_Sorage_combo4,32,8,"['CSTE_0409_Orgn_Storage_26Ltr_Grey', 'CSTE_0410_Orgn_Storage_26Ltr_Green', 'CSTE_0413_Orgn_Storage_26Ltr_Blue', 'CSTE_0414_Orgn_Storage_26Ltr_Cream', 'CSTE_0409_Orgn_Storage_26Ltr_Grey', 'CSTE_0410_Orgn_Storage_26Ltr_Green', 'CSTE_0413_Orgn_Storage_26Ltr_Blue', 'CSTE_0414_Orgn_Storage_26Ltr_Cream']","[164, 32, 116, 144, 164, 32, 116, 144]"
Breathing_Grey_Otter,0,1,['CSTE_0549_ST_Animal_Breathing_Otter_Grey'],[0]
Breathing_Lilo_Stich_Blue,137,1,['CSTE_0488_ST_Animal_Breathing_Stitch_Blue'],[137]
Breathing_Messenger_Cat,42,1,['CSTE_O0001_OT_TeddyFaceCat_Brown'],[42]
Breathing_Messenger_Cat_Blue,40,1,['CSTE_O0003_OT_TeddyFaceCat_Blue'],[40]
Breathing_Messenger_Cat_Pink,0,1,['CSTE_O0002_OT_TeddyFaceCat_Pink'],[0]
Breathing_Otter_Blue,100,1,['CSTE_0487_ST_Animal_Breathing_Otter_Blue'],[100]
Breathing_Otter_D_Brown,0,1,['CSTE_0525_ST_Animal_Breathing_Otter_DarkBrown'],[0]
Breathing_Otter_Pink_1,0,1,['CSTE_0526_ST_Animal_Breathing_Otter_Pink'],[0]
butterfly_redgreen_SG,19,1,['CSTE_0148_SG_ButterFly_RedGreen'],[19]
"CAAJU Animal Stuffed Soft Toy (Dark Blue, Orange)",0,1,['CSTE_0125_ST_Rev_Cat_BlueOerange'],[0]
circle brown,0,1,['CSTE_0387_SG_Oval_Crystal_Brown'],[0]
CJ_Makeup_Org_LightGreen_Brushes,0,2,"['CSTE_O0376_OT_Makeup_Brushes_Set', 'CSTE_0315_Organizer_Makeup_LightGreen']","[16, 0]"
combo_square_watches_black-pink,0,2,"['CSTE_O0316_OT_Squrewatch_Pink', 'CSTE_O0320_OT_Square Watch_Black']","[0, 0]"
Compression_Sky_Blue,0,2,"['CSTE_0475_Organizer_Compression_Kit_LightBlue', 'CSTE_O0390_OT_Toiletry_Bottles']","[0, 105]"
CSTE_0010_ST_Bts_LongPillow_Tata CSTE_0011_ST_Bts_LongPillow_Koya,0,2,"['CSTE_0010_ST_Bts_LongPillow_Tata', 'CSTE_0011_ST_Bts_LongPillow_Koya']","[0, 0]"
CSTE_0174_SG_Oval_Red CSTE_0143_SG_Oval01_Black,57,2,"['CSTE_0143_SG_Oval01_Black', 'CSTE_0174_SG_Oval_Red']","[57, 135]"
CSTE_O0367_OT_Belt_Sunglass_Combo,0,4,"['CSTE_O0354_OT_ LeatherBelt_Black', 'CSTE_0319_SG_HarryPotter_Round', 'CSTE_O0354_OT_ LeatherBelt_Black', 'CSTE_0319_SG_HarryPotter_Round']","[0, 0, 0, 0]"
CSTE020,61,1,['CSTE_0085_MB_Titanic_Brown'],[61]
CSTE071,0,1,['CSTE_O0036_OT_UnicornSoftToy_RedSmall'],[0]
CSTE088,0,1,['CSTE_O0447_OT_Kangaroo_Plush'],[0]
CSTE130,0,1,['CSTE_O0358_OT_IronMan_Bobblehead'],[0]
Dinosaur Doll,0,2,"['CSTE_O0436_OT_Dinasour_Soft_toy', 'CSTE_O0436_OT_Dinasour_Soft_toy']","[0, 0]"
DOUBLE SHADES HEART MELT_SG,0,1,['CSTE_0253_SG_MeltedHeart_Red'],[0]
Friends New Music Box,0,1,['CSTE_0028_MB_Friends_NewBrown'],[0]
Fur Chair Mat-White,0,1,['CSTE_0114_HD_Rug_CircleChairMat_White'],[0]
"Fusked Red Tata Eye Mask | Soft Breathable Cotton Eye Mask | Sleeping eye shade mask for Insomnia, Meditation, Puffy Eyes and Dark Circles (Red)",0,1,['CSTE_O0234_OT_TataEyemask'],[0]
"Fusked Wool Floor Mat (White, Small)",0,1,['CSTE_0111_HD_Rug_CircleFurmat_White'],[0]
FUSKED- BOBBLEHEAD DOG-WHITE-CAR AND HOME DECOR,0,1,['CSTE_O0293_OT_PuppyBobbleHead'],[0]
Goku blue hair,0,1,['CSTE_0449_CLT_AF_Vegeta_Gloves_Blue'],[0]
Haary_Round_SG,0,1,['CSTE_0319_SG_HarryPotter_Round'],[0]
HeartShape_SlingBag_Pink,0,1,['CSTE_O0439_OT_Bunny_Sling_Bag'],[0]
HP_Wand_Stand,0,2,"['CSTE_0408_Wands_Stand_Metal', 'CSTE_0294_OT_Harrypotter_new_wand']","[0, 0]"
Jade Holder-Green,0,1,['CSTE_O0216_OT_GuashaAndJadeRoler'],[0]
JS_DeerStand_Pink,0,1,['CSTE_O0167_OT_PlasticJewelleryStand'],[0]
Koala_Hugging_Duck,0,1,['CSTE_0547_ST_Animal_Stich_Hug_Duck'],[0]
Koya_Pillow,0,1,['CSTE_0003_ST_Bts_Pillow_Koya'],[0]
Kuromi_My_Melody,36,4,"['CSTE_0482_ST_Animal_Kitty_Kuromi_Black', 'CSTE_0483_ST_Animal_Kitty_MyMelody_Pink', 'CSTE_0482_ST_Animal_Kitty_Kuromi_Black', 'CSTE_0483_ST_Animal_Kitty_MyMelody_Pink']","[36, 68, 36, 68]"
Minecraft_Spider_Creeper,80,2,"['CSTE_0477_ST_Minecraft_Spider_Blue', 'CSTE_0419_ST_MineCraft_Creeper']","[80, 250]"
MONEYHEIST A-8_BROWN,1,1,['CSTE_0199_MB_MHA8_Brown'],[1]
Music Box Star Wars- Black,0,1,['CSTE_0054_MB_Starwar_Black'],[0]
musicBoxBabyYoda-Brown,0,1,['CSTE_0091_MB_Starwar_Yoda'],[0]
MusicBoxDragonBall-Z-Red,0,1,['CSTE_0070_MB_DragonBallZ_Red'],[0]
Oval_Red&Black_SG,57,2,"['CSTE_0143_SG_Oval01_Black', 'CSTE_0174_SG_Oval_Red']","[57, 135]"
Oval_Sg_Combo,57,4,"['CSTE_0143_SG_Oval01_Black', 'CSTE_0174_SG_Oval_Red', 'CSTE_0143_SG_Oval01_Black', 'CSTE_0174_SG_Oval_Red']","[57, 135, 57, 135]"
oval_sunglass_combo,57,2,"['CSTE_0143_SG_Oval01_Black', 'CSTE_0174_SG_Oval_Red']","[57, 135]"
plant holder,0,2,"['CSTE_O0386_OT_Candle_Holder_Deer', 'CSTE_O0386_OT_Candle_Holder_Deer']","[0, 0]"
Rudrav BT21 Rj Ball Pen Multi-function Pen (Multicolor),0,1,['CSTE_O0287_OT_RjPen'],[0]
Rudrav BTS Pen Multi-function Pen (Blue),0,1,['CSTE_O0270_OT_MangPen'],[0]
Rudrav_10 Colors in _1 BT21 Koya Ball Pen (Blue) Ball Pen (Multicolor),0,1,['CSTE_O0270_OT_MangPen'],[0]
Rudrav_Cute Mini Memo Note Pad Memo Note Book with Pen for Kids,0,1,['CSTE_O0270_OT_MangPen'],[0]
Rudrav_Pulse OXIMETER | Oxygen Saturation Level SPO2 and Heart Pulse Rate Monitor PR,0,1,['CSTE_O0186_OT_OximeterTft'],[0]
sky blue pink cat,0,1,['CSTE_0127_ST_Rev_Cat_SkyBluePink'],[0]
SL_SLIPPER_YELLOW,0,43,"['CSTE_O0010_OT_KissieSlipper_Yellow', 'CSTE_O0010_OT_KissieSlipper_Yellow', 'CSTE_O0010_OT_KissieSlipper_Yellow', 'CSTE_O0010_OT_KissieSlipper_Yellow', 'CSTE_O0010_OT_KissieSlipper_Yellow', 'CSTE_O0010_OT_KissieSlipper_Yellow', 'CSTE_O0010_OT_KissieSlipper_Yellow', 'CSTE_O0010_OT_KissieSlipper_Yellow', 'CSTE_O0010_OT_KissieSlipper_Yellow', 'CSTE_O0010_OT_KissieSlipper_Yellow', 'CSTE_O0010_OT_KissieSlipper_Yellow', 'CSTE_O0010_OT_KissieSlipper_Yellow', 'CSTE_O0010_OT_KissieSlipper_Yellow', 'CSTE_O0010_OT_KissieSlipper_Yellow', 'CSTE_O0010_OT_KissieSlipper_Yellow', 'CSTE_O0010_OT_KissieSlipper_Yellow', 'CSTE_O0010_OT_KissieSlipper_Yellow', 'CSTE_O0010_OT_KissieSlipper_Yellow', 'CSTE_O0010_OT_KissieSlipper_Yellow', 'CSTE_O0010_OT_KissieSlipper_Yellow', 'CSTE_O0010_OT_KissieSlipper_Yellow', 'CSTE_O0010_OT_KissieSlipper_Yellow', 'CSTE_O0010_OT_KissieSlipper_Yellow', 'CSTE_O0010_OT_KissieSlipper_Yellow', 'CSTE_O0010_OT_KissieSlipper_Yellow', 'CSTE_O0010_OT_KissieSlipper_Yellow', 'CSTE_O0010_OT_KissieSlipper_Yellow', 'CSTE_O0010_OT_KissieSlipper_Yellow', 'CSTE_O0010_OT_KissieSlipper_Yellow', 'CSTE_O0010_OT_KissieSlipper_Yellow', 'CSTE_O0010_OT_KissieSlipper_Yellow', 'CSTE_O0010_OT_KissieSlipper_Yellow', 'CSTE_O0010_OT_KissieSlipper_Yellow', 'CSTE_O0010_OT_KissieSlipper_Yellow', 'CSTE_O0010_OT_KissieSlipper_Yellow', 'CSTE_O0010_OT_KissieSlipper_Yellow', 'CSTE_O0010_OT_KissieSlipper_Yellow', 'CSTE_O0010_OT_KissieSlipper_Yellow', 'CSTE_O0010_OT_KissieSlipper_Yellow', 'CSTE_O0010_OT_KissieSlipper_Yellow', 'CSTE_O0010_OT_KissieSlipper_Yellow', 'CSTE_O0010_OT_KissieSlipper_Yellow', 'CSTE_O0010_OT_KissieSlipper_Yellow']","[0, 0, 0, 0, 0, 0, 0, 0, 0, 0, 0, 0, 0, 0, 0, 0, 0, 0, 0, 0, 0, 0, 0, 0, 0, 0, 0, 0, 0, 0, 0, 0, 0, 0, 0, 0, 0, 0, 0, 0, 0, 0, 0]"
SL_UNICON_SLIPPER,0,43,"['CSTE_O0007_OT_UnicornSlipper_WhiteBig', 'CSTE_O0007_OT_UnicornSlipper_WhiteBig', 'CSTE_O0007_OT_UnicornSlipper_WhiteBig', 'CSTE_O0007_OT_UnicornSlipper_WhiteBig', 'CSTE_O0007_OT_UnicornSlipper_WhiteBig', 'CSTE_O0007_OT_UnicornSlipper_WhiteBig', 'CSTE_O0007_OT_UnicornSlipper_WhiteBig', 'CSTE_O0007_OT_UnicornSlipper_WhiteBig', 'CSTE_O0007_OT_UnicornSlipper_WhiteBig', 'CSTE_O0007_OT_UnicornSlipper_WhiteBig', 'CSTE_O0007_OT_UnicornSlipper_WhiteBig', 'CSTE_O0007_OT_UnicornSlipper_WhiteBig', 'CSTE_O0007_OT_UnicornSlipper_WhiteBig', 'CSTE_O0007_OT_UnicornSlipper_WhiteBig', 'CSTE_O0007_OT_UnicornSlipper_WhiteBig', 'CSTE_O0007_OT_UnicornSlipper_WhiteBig', 'CSTE_O0007_OT_UnicornSlipper_WhiteBig', 'CSTE_O0007_OT_UnicornSlipper_WhiteBig', 'CSTE_O0007_OT_UnicornSlipper_WhiteBig', 'CSTE_O0007_OT_UnicornSlipper_WhiteBig', 'CSTE_O0007_OT_UnicornSlipper_WhiteBig', 'CSTE_O0007_OT_UnicornSlipper_WhiteBig', 'CSTE_O0007_OT_UnicornSlipper_WhiteBig', 'CSTE_O0007_OT_UnicornSlipper_WhiteBig', 'CSTE_O0007_OT_UnicornSlipper_WhiteBig', 'CSTE_O0007_OT_UnicornSlipper_WhiteBig', 'CSTE_O0007_OT_UnicornSlipper_WhiteBig', 'CSTE_O0007_OT_UnicornSlipper_WhiteBig', 'CSTE_O0007_OT_UnicornSlipper_WhiteBig', 'CSTE_O0007_OT_UnicornSlipper_WhiteBig', 'CSTE_O0007_OT_UnicornSlipper_WhiteBig', 'CSTE_O0007_OT_UnicornSlipper_WhiteBig', 'CSTE_O0007_OT_UnicornSlipper_WhiteBig', 'CSTE_O0007_OT_UnicornSlipper_WhiteBig', 'CSTE_O0007_OT_UnicornSlipper_WhiteBig', 'CSTE_O0007_OT_UnicornSlipper_WhiteBig', 'CSTE_O0007_OT_UnicornSlipper_WhiteBig', 'CSTE_O0007_OT_UnicornSlipper_WhiteBig', 'CSTE_O0007_OT_UnicornSlipper_WhiteBig', 'CSTE_O0007_OT_UnicornSlipper_WhiteBig', 'CSTE_O0007_OT_UnicornSlipper_WhiteBig', 'CSTE_O0007_OT_UnicornSlipper_WhiteBig', 'CSTE_O0007_OT_UnicornSlipper_WhiteBig']","[0, 0, 0, 0, 0, 0, 0, 0, 0, 0, 0, 0, 0, 0, 0, 0, 0, 0, 0, 0, 0, 0, 0, 0, 0, 0, 0, 0, 0, 0, 0, 0, 0, 0, 0, 0, 0, 0, 0, 0, 0, 0, 0]"
sling_bag_bear,0,1,['CSTE_O0383_OT_Sling_Bag_Bear'],[0]
sling_bag_bear2,0,1,['CSTE_O0383_OT_Sling_Bag_Bear'],[0]
square_watch_combo_black_pink,0,2,"['CSTE_O0316_OT_Squrewatch_Pink', 'CSTE_O0320_OT_Square Watch_Black']","[0, 0]"
square_watches_combo_blakc-pink,0,4,"['CSTE_O0316_OT_Squrewatch_Pink', 'CSTE_O0320_OT_Square Watch_Black', 'CSTE_O0316_OT_Squrewatch_Pink', 'CSTE_O0320_OT_Square Watch_Black']","[0, 0, 0, 0]"
Stitch_Hugging_Duck,0,1,['CSTE_0547_ST_Animal_Stich_Hug_Duck'],[0]
Stitch_Hugging_Duck_2,0,1,['CSTE_0547_ST_Animal_Stich_Hug_Duck'],[0]
Storage_box_Black_2,108,2,"['CSTE_0412_Orgn_Storage_26Ltr_BlackWhite', 'CSTE_0412_Orgn_Storage_26Ltr_BlackWhite']","[108, 108]"
Storage_box_Black_3,108,3,"['CSTE_0412_Orgn_Storage_26Ltr_BlackWhite', 'CSTE_0412_Orgn_Storage_26Ltr_BlackWhite', 'CSTE_0412_Orgn_Storage_26Ltr_BlackWhite']","[108, 108, 108]"
Storage_box_Black_4,108,4,"['CSTE_0412_Orgn_Storage_26Ltr_BlackWhite', 'CSTE_0412_Orgn_Storage_26Ltr_BlackWhite', 'CSTE_0412_Orgn_Storage_26Ltr_BlackWhite', 'CSTE_0412_Orgn_Storage_26Ltr_BlackWhite']","[108, 108, 108, 108]"
Storage_Box_Brown_1,108,1,['CSTE_0411_Orgn_Storage_26Ltr_Brown'],[108]
Storage_Box_Brown_2,108,2,"['CSTE_0411_Orgn_Storage_26Ltr_Brown', 'CSTE_0411_Orgn_Storage_26Ltr_Brown']","[108, 108]"
Storage_Box_Brown_3,108,3,"['CSTE_0411_Orgn_Storage_26Ltr_Brown', 'CSTE_0411_Orgn_Storage_26Ltr_Brown', 'CSTE_0411_Orgn_Storage_26Ltr_Brown']","[108, 108, 108]"
Storage_Box_Brown_4,108,4,"['CSTE_0411_Orgn_Storage_26Ltr_Brown', 'CSTE_0411_Orgn_Storage_26Ltr_Brown', 'CSTE_0411_Orgn_Storage_26Ltr_Brown', 'CSTE_0411_Orgn_Storage_26Ltr_Brown']","[108, 108, 108, 108]"
Storage_Box_Green_1,32,1,['CSTE_0410_Orgn_Storage_26Ltr_Green'],[32]
Storage_Box_Green_2,32,2,"['CSTE_0410_Orgn_Storage_26Ltr_Green', 'CSTE_0410_Orgn_Storage_26Ltr_Green']","[32, 32]"
Storage_Box_Green_3,32,3,"['CSTE_0410_Orgn_Storage_26Ltr_Green', 'CSTE_0410_Orgn_Storage_26Ltr_Green', 'CSTE_0410_Orgn_Storage_26Ltr_Green']","[32, 32, 32]"
Storage_Box_Green_4,32,4,"['CSTE_0410_Orgn_Storage_26Ltr_Green', 'CSTE_0410_Orgn_Storage_26Ltr_Green', 'CSTE_0410_Orgn_Storage_26Ltr_Green', 'CSTE_0410_Orgn_Storage_26Ltr_Green']","[32, 32, 32, 32]"
Storage_Box_white_1,0,1,['CSTE_0530_Organizer_Storage_Grid_24_Cream'],[0]
Storage_Box_white_2,0,2,"['CSTE_0530_Organizer_Storage_Grid_24_Cream', 'CSTE_0530_Organizer_Storage_Grid_24_Cream']","[0, 0]"
Storage_Box_white_3,0,3,"['CSTE_0530_Organizer_Storage_Grid_24_Cream', 'CSTE_0530_Organizer_Storage_Grid_24_Cream', 'CSTE_0530_Organizer_Storage_Grid_24_Cream']","[0, 0, 0]"
Storage_Box_white_4,0,5,"['CSTE_0530_Organizer_Storage_Grid_24_Cream', 'CSTE_0530_Organizer_Storage_Grid_24_Cream', 'CSTE_0530_Organizer_Storage_Grid_24_Cream', 'CSTE_0530_Organizer_Storage_Grid_24_Cream', 'CSTE_0530_Organizer_Storage_Grid_24_Cream']","[0, 0, 0, 0, 0]"
travel_organizer_black_map,4,1,['CSTE_0311_Organizer_Travel_Black'],[4]
travel_organizer_blue_map,0,1,['CSTE_0309_Organizer_Travel_LightBlue'],[0]
travel_organizer_grey_map,16,1,['CSTE_0310_Organizer_Travel_Grey'],[16]
Van Bts Soft Toy Full Body,0,1,['CSTE_O0423_OT_Standing_Doll_Van'],[0]
van pillow white green,0,2,"['CSTE_0006_ST_Bts_Pillow_Van', 'CSTE_0006_ST_Bts_Pillow_Van']","[0, 0]"
Van_Mang_Combo,0,2,"['CSTE_0006_ST_Bts_Pillow_Van', 'CSTE_0004_ST_Bts_Pillow_Mang']","[0, 0]"
CSTE_0360_Wands_Snape_Light,0,1,['CSTE_0360_Wands_Snape_Light'],[0]
Fireglass_Green_Map,14,1,['CSTE_0157_SG_FireGlass_Green'],[14]
Wands_Stand_HP,0,2,"['CSTE_0408_Wands_Stand_Metal', 'CSTE_0294_OT_Harrypotter_new_wand']","[0, 0]"
CSTE_O0446_OT_Glue_Sand_Rubber_Pig,12,1,['CSTE_O0446_OT_Glue_Sand_Rubber_Pig'],[12]
CSTE_O0445_OT_Glue_Sand_Rubber_Monkey,12,1,['CSTE_O0445_OT_Glue_Sand_Rubber_Monkey'],[12]
CSTE_O0442_OT_Squeeze_White,2,1,['CSTE_O0442_OT_Squeeze_White'],[2]
CSTE_O0444_OT_Squeeze_Purple,0,1,['CSTE_O0444_OT_Squeeze_Purple'],[0]
CSTE_O0443_OT_Squeeze_Yellow,3,1,['CSTE_O0443_OT_Squeeze_Yellow'],[3]
CSTE_0545_ST_Animal_Breathing_Dog_B_2,15,1,['CSTE_0545_ST_Animal_Breathing_Dog_Brown'],[15]
CSTE_0545_ST_Animal_Breathing_Dog_Brown,15,1,['CSTE_0545_ST_Animal_Breathing_Dog_Brown'],[15]
CSTE_0541_ST_Animal_Breathing_Fox,93,1,['CSTE_0541_ST_Animal_Breathing_Fox'],[93]
CSTE_0540_ST_Animal_Breathing_Stich_Pink,87,1,['CSTE_0540_ST_Animal_Breathing_Stich_Pink'],[87]
CSTE_0533_ST_Animal_Breathing_koala_Grey,0,1,['CSTE_0533_ST_Animal_Breathing_koala_Grey'],[0]
CSTE_0536_ST_Animal_Breathing_lamb_White,0,1,['CSTE_0536_ST_Animal_Breathing_lamb_White'],[0]
CSTE_0535_ST_Animal_Breathing_lamb_P,0,1,['CSTE_0535_ST_Animal_Breathing_lamb_Pink'],[0]
CSTE_0537_ST_Animal_Breathing_capyBara_1,0,1,['CSTE_0537_ST_Animal_Breathing_capyBara_pink'],[0]
CSTE_0542_ST_Animal_Breathing_Lucifer_C,64,1,['CSTE_0542_ST_Animal_Breathing_Lucifer_Cat'],[64]
CSTE_0535_ST_Animal_Breathing_lamb_P_2,0,1,['CSTE_0535_ST_Animal_Breathing_lamb_Pink'],[0]
CSTE_0540_ST_Animal_Breathing_Stich_P_2,87,1,['CSTE_0540_ST_Animal_Breathing_Stich_Pink'],[87]
CSTE_0544_ST_Animal_Breathing_Sloth_Grey,30,1,['CSTE_0544_ST_Animal_Breathing_Sloth_Grey'],[30]
CSTE_0543_ST_Animal_Breathing_S_Rabbit,0,1,['CSTE_0543_ST_Animal_Breathing_S_Rabbit'],[0]
CSTE_0532_ST_Animal_Breathing_rabbit,0,1,['CSTE_0532_ST_Animal_Breathing_rabbit'],[0]
CSTE_0481_ST_Animal_Cow_Plush_Cloths,4,1,['CSTE_0481_ST_Animal_Cow_Plush_Cloths'],[4]
CSTE_0469_ST_Pokemon_Charizard,0,1,['CSTE_0469_ST_Pokemon_Charizard'],[0]
CSTE_0546_ST_Animal_Lucifer_Cat_Black,3,1,['CSTE_0546_ST_Animal_Lucifer_Cat_Black'],[3]
CSTE_0538_ST_Animal_Penguin_Yellow,20,1,['CSTE_0538_ST_Animal_Penguin_Yellow'],[20]
CSTE_0539_ST_Animal_Penguin_Green,15,1,['CSTE_0539_ST_Animal_Penguin_Green'],[15]
CSTE_0143_SG_Oval01_Black,57,1,['CSTE_0143_SG_Oval01_Black'],[57]
CSTE_0174_SG_Oval_Red,135,1,['CSTE_0174_SG_Oval_Red'],[135]
CSTE_0226_SG_Square/Big_Black,24,1,['CSTE_0226_SG_Square/Big_Black'],[24]
CSTE_0172_SG_Square_Purple,28,1,['CSTE_0172_SG_Square_Purple'],[28]
CSTE_0169_SG_Sqaure_Creame,46,1,['CSTE_0169_SG_Sqaure_Creame'],[46]
CSTE_0184_SG_Sqaure_small_TigerPrint_1,19,1,['CSTE_0184_SG_Sqaure/small_TigerPrint'],[19]
CSTE_0225_SG_Square/Big_TigerPrint,8,1,['CSTE_0225_SG_Square/Big_TigerPrint'],[8]
Nit-v-Combo_Box_05,84,2,"['CSTE_0020_MB_HP_Black', 'CSTE_0020_MB_HP_Black']","[84, 84]"
thuglife_smallcombo,0,2,"['CSTE_0217_SG_ThugLife_Thin', 'CSTE_0217_SG_ThugLife_Thin']","[0, 0]"
BIGSMALL_TL,0,2,"['CSTE_0217_SG_ThugLife_Thin', 'CSTE_0218_SG_ThugLife_Big']","[0, 0]"
Swaddle_3,0,3,"['CSTE_0364_Swaddle_Unicorn_Print', 'CSTE_0364_Swaddle_Unicorn_Print', 'CSTE_0364_Swaddle_Unicorn_Print']","[0, 0, 0]"
Swaddle_5,0,5,"['CSTE_0364_Swaddle_Unicorn_Print', 'CSTE_0364_Swaddle_Unicorn_Print', 'CSTE_0364_Swaddle_Unicorn_Print', 'CSTE_0364_Swaddle_Unicorn_Print', 'CSTE_0364_Swaddle_Unicorn_Print']","[0, 0, 0, 0, 0]"
Swaddle_4,0,4,"['CSTE_0364_Swaddle_Unicorn_Print', 'CSTE_0364_Swaddle_Unicorn_Print', 'CSTE_0364_Swaddle_Unicorn_Print', 'CSTE_0364_Swaddle_Unicorn_Print']","[0, 0, 0, 0]"
Playful_Swaddles_4,0,4,"['CSTE_0364_Swaddle_Unicorn_Print', 'CSTE_0364_Swaddle_Unicorn_Print', 'CSTE_0364_Swaddle_Unicorn_Print', 'CSTE_0364_Swaddle_Unicorn_Print']","[0, 0, 0, 0]"
Swaddles_Pack4,0,16,"['CSTE_0364_Swaddle_Unicorn_Print', 'CSTE_0364_Swaddle_Unicorn_Print', 'CSTE_0364_Swaddle_Unicorn_Print', 'CSTE_0364_Swaddle_Unicorn_Print', 'CSTE_0364_Swaddle_Unicorn_Print', 'CSTE_0364_Swaddle_Unicorn_Print', 'CSTE_0364_Swaddle_Unicorn_Print', 'CSTE_0364_Swaddle_Unicorn_Print', 'CSTE_0364_Swaddle_Unicorn_Print', 'CSTE_0364_Swaddle_Unicorn_Print', 'CSTE_0364_Swaddle_Unicorn_Print', 'CSTE_0364_Swaddle_Unicorn_Print', 'CSTE_0364_Swaddle_Unicorn_Print', 'CSTE_0364_Swaddle_Unicorn_Print', 'CSTE_0364_Swaddle_Unicorn_Print', 'CSTE_0364_Swaddle_Unicorn_Print']","[0, 0, 0, 0, 0, 0, 0, 0, 0, 0, 0, 0, 0, 0, 0, 0]"
Swaddles_Pack5,0,20,"['CSTE_0364_Swaddle_Unicorn_Print', 'CSTE_0364_Swaddle_Unicorn_Print', 'CSTE_0364_Swaddle_Unicorn_Print', 'CSTE_0364_Swaddle_Unicorn_Print', 'CSTE_0364_Swaddle_Unicorn_Print', 'CSTE_0364_Swaddle_Unicorn_Print', 'CSTE_0364_Swaddle_Unicorn_Print', 'CSTE_0364_Swaddle_Unicorn_Print', 'CSTE_0364_Swaddle_Unicorn_Print', 'CSTE_0364_Swaddle_Unicorn_Print', 'CSTE_0364_Swaddle_Unicorn_Print', 'CSTE_0364_Swaddle_Unicorn_Print', 'CSTE_0364_Swaddle_Unicorn_Print', 'CSTE_0364_Swaddle_Unicorn_Print', 'CSTE_0364_Swaddle_Unicorn_Print', 'CSTE_0364_Swaddle_Unicorn_Print', 'CSTE_0364_Swaddle_Unicorn_Print', 'CSTE_0364_Swaddle_Unicorn_Print', 'CSTE_0364_Swaddle_Unicorn_Print', 'CSTE_0364_Swaddle_Unicorn_Print']","[0, 0, 0, 0, 0, 0, 0, 0, 0, 0, 0, 0, 0, 0, 0, 0, 0, 0, 0, 0]"
Swaddles_Pack3,0,6,"['CSTE_0364_Swaddle_Unicorn_Print', 'CSTE_0364_Swaddle_Unicorn_Print', 'CSTE_0364_Swaddle_Unicorn_Print', 'CSTE_0364_Swaddle_Unicorn_Print', 'CSTE_0364_Swaddle_Unicorn_Print', 'CSTE_0364_Swaddle_Unicorn_Print']","[0, 0, 0, 0, 0, 0]"
Swaddles_pack3,0,6,"['CSTE_0364_Swaddle_Unicorn_Print', 'CSTE_0364_Swaddle_Unicorn_Print', 'CSTE_0364_Swaddle_Unicorn_Print', 'CSTE_0364_Swaddle_Unicorn_Print', 'CSTE_0364_Swaddle_Unicorn_Print', 'CSTE_0364_Swaddle_Unicorn_Print']","[0, 0, 0, 0, 0, 0]"
StorageBox_5,212,5,"['CSTE_0397_Organizer_StorageBox_Blue', 'CSTE_0397_Organizer_StorageBox_Blue', 'CSTE_0397_Organizer_StorageBox_Blue', 'CSTE_0397_Organizer_StorageBox_Blue', 'CSTE_0397_Organizer_StorageBox_Blue']","[212, 212, 212, 212, 212]"
StorageBox_3,212,3,"['CSTE_0397_Organizer_StorageBox_Blue', 'CSTE_0397_Organizer_StorageBox_Blue', 'CSTE_0397_Organizer_StorageBox_Blue']","[212, 212, 212]"
StorageBox_4,212,4,"['CSTE_0397_Organizer_StorageBox_Blue', 'CSTE_0397_Organizer_StorageBox_Blue', 'CSTE_0397_Organizer_StorageBox_Blue', 'CSTE_0397_Organizer_StorageBox_Blue']","[212, 212, 212, 212]"
Caaju_Compression_Travelkit_Cream,102,2,"['CSTE_0429_Org_Compression_Kit_Cream', 'CSTE_O0390_OT_Toiletry_Bottles']","[102, 105]"
Caaju_Compression_Travelkit_Blue,50,2,"['CSTE_0430_Org_Compression_Kit_Blue', 'CSTE_O0390_OT_Toiletry_Bottles']","[50, 105]"
Caaju_6pc_travelkit_Pink,104,2,"['CSTE_0424_Org_6Pcs_Travel_Pink', 'CSTE_O0390_OT_Toiletry_Bottles']","[104, 105]"
Caaju_6pc_travelkit_Red,88,2,"['CSTE_0425_Org_6Pcs_Travel_Red', 'CSTE_O0390_OT_Toiletry_Bottles']","[88, 105]"
Caaju_6pc_travelkit_Maroon,88,2,"['CSTE_0428_Org_6Pcs_Travel_Maroon', 'CSTE_O0390_OT_Toiletry_Bottles']","[88, 105]"
Compression_kit_blk,0,2,"['CSTE_0474_Organizer_Compression_Kit_Black', 'CSTE_O0390_OT_Toiletry_Bottles']","[0, 105]"
CSTE_0502_ST_Minecraft_Pickaxe_Foam,132,2,"['CSTE_0502_ST_Minecraft_Pickaxe_Foam', 'CSTE_0471_ST_Minecraft_Sword_Big']","[132, 291]"
Caaju_DS_Clipe_Rope_Pack2,80,2,"['CSTE_AMZ001_OT_Clip_Rope', 'CSTE_AMZ001_OT_Clip_Rope']","[80, 80]"
clip rope pack of 2,80,2,"['CSTE_AMZ001_OT_Clip_Rope', 'CSTE_AMZ001_OT_Clip_Rope']","[80, 80]"
cliperope_packof2,80,2,"['CSTE_AMZ001_OT_Clip_Rope', 'CSTE_AMZ001_OT_Clip_Rope']","[80, 80]"
nylon _ rope 02,0,2,"['CSTE_AMZ002_OT_Rope_Nylon', 'CSTE_AMZ002_OT_Rope_Nylon']","[0, 0]"
nylon_rope_3,0,3,"['CSTE_AMZ002_OT_Rope_Nylon', 'CSTE_AMZ002_OT_Rope_Nylon', 'CSTE_AMZ002_OT_Rope_Nylon']","[0, 0, 0]"
PILLOW_PACK3,0,6,"['CSTE_O0043_OT_CushionFiller', 'CSTE_O0043_OT_CushionFiller', 'CSTE_O0043_OT_CushionFiller', 'CSTE_O0043_OT_CushionFiller', 'CSTE_O0043_OT_CushionFiller', 'CSTE_O0043_OT_CushionFiller']","[0, 0, 0, 0, 0, 0]"
PILLOW_PACK5,0,10,"['CSTE_O0043_OT_CushionFiller', 'CSTE_O0043_OT_CushionFiller', 'CSTE_O0043_OT_CushionFiller', 'CSTE_O0043_OT_CushionFiller', 'CSTE_O0043_OT_CushionFiller', 'CSTE_O0043_OT_CushionFiller', 'CSTE_O0043_OT_CushionFiller', 'CSTE_O0043_OT_CushionFiller', 'CSTE_O0043_OT_CushionFiller', 'CSTE_O0043_OT_CushionFiller']","[0, 0, 0, 0, 0, 0, 0, 0, 0, 0]"
PILLOW_PACK-4,0,4,"['CSTE_O0043_OT_CushionFiller', 'CSTE_O0043_OT_CushionFiller', 'CSTE_O0043_OT_CushionFiller', 'CSTE_O0043_OT_CushionFiller']","[0, 0, 0, 0]"
PILLOW_PACKOF2,0,2,"['CSTE_O0043_OT_CushionFiller', 'CSTE_O0043_OT_CushionFiller']","[0, 0]"
PILLOW_PACK4,0,8,"['CSTE_O0043_OT_CushionFiller', 'CSTE_O0043_OT_CushionFiller', 'CSTE_O0043_OT_CushionFiller', 'CSTE_O0043_OT_CushionFiller', 'CSTE_O0043_OT_CushionFiller', 'CSTE_O0043_OT_CushionFiller', 'CSTE_O0043_OT_CushionFiller', 'CSTE_O0043_OT_CushionFiller']","[0, 0, 0, 0, 0, 0, 0, 0]"
PILLOW_PACK2,0,6,"['CSTE_O0043_OT_CushionFiller', 'CSTE_O0043_OT_CushionFiller', 'CSTE_O0043_OT_CushionFiller', 'CSTE_O0043_OT_CushionFiller', 'CSTE_O0043_OT_CushionFiller', 'CSTE_O0043_OT_CushionFiller']","[0, 0, 0, 0, 0, 0]"
White_cushion fillers_5P,0,5,"['CSTE_O0043_OT_CushionFiller', 'CSTE_O0043_OT_CushionFiller', 'CSTE_O0043_OT_CushionFiller', 'CSTE_O0043_OT_CushionFiller', 'CSTE_O0043_OT_CushionFiller']","[0, 0, 0, 0, 0]"
FLY_PENCIL_6_SET_MULTI,0,6,"['CSTE_O0061_OT_FlyingPencilSet_Blue', 'CSTE_O0061_OT_FlyingPencilSet_Blue', 'CSTE_O0061_OT_FlyingPencilSet_Blue', 'CSTE_O0061_OT_FlyingPencilSet_Blue', 'CSTE_O0061_OT_FlyingPencilSet_Blue', 'CSTE_O0061_OT_FlyingPencilSet_Blue']","[0, 0, 0, 0, 0, 0]"
Nit-v-Combo_Box_06,84,2,"['CSTE_0020_MB_HP_Black', 'CSTE_0014_MB_HBD_Brown']","[84, 386]"
Nit-v-Combo_Box_04,0,2,"['CSTE_0020_MB_HP_Black', 'CSTE_0024_MB_BeautyandBeast_Brown']","[84, 0]"
Nit-v-Combo_Box_03,0,2,"['CSTE_0043_MB_Lalaland_Brown', 'CSTE_0024_MB_BeautyandBeast_Brown']","[0, 0]"
Nit-v-Combo_Box_02,0,2,"['CSTE_0043_MB_Lalaland_Brown', 'CSTE_0014_MB_HBD_Brown']","[0, 386]"
CTLG-01,0,2,"['CSTE_0217_SG_ThugLife_Thin', 'CSTE_0218_SG_ThugLife_Big']","[0, 0]"
CTLG-02,0,2,"['CSTE_0217_SG_ThugLife_Thin', 'CSTE_0217_SG_ThugLife_Thin']","[0, 0]"
Caaju_Storagebox_Blue_2pk,212,2,"['CSTE_0397_Organizer_StorageBox_Blue', 'CSTE_0397_Organizer_StorageBox_Blue']","[212, 212]"
Caaju_Storagebox_Blue_3pk,212,3,"['CSTE_0397_Organizer_StorageBox_Blue', 'CSTE_0397_Organizer_StorageBox_Blue', 'CSTE_0397_Organizer_StorageBox_Blue']","[212, 212, 212]"
Caaju_Storagebox_Blue_4pk,212,4,"['CSTE_0397_Organizer_StorageBox_Blue', 'CSTE_0397_Organizer_StorageBox_Blue', 'CSTE_0397_Organizer_StorageBox_Blue', 'CSTE_0397_Organizer_StorageBox_Blue']","[212, 212, 212, 212]"
Caaju_Storagebox_Blue_5pk,212,5,"['CSTE_0397_Organizer_StorageBox_Blue', 'CSTE_0397_Organizer_StorageBox_Blue', 'CSTE_0397_Organizer_StorageBox_Blue', 'CSTE_0397_Organizer_StorageBox_Blue', 'CSTE_0397_Organizer_StorageBox_Blue']","[212, 212, 212, 212, 212]"
Caaju_Storagebox_Blue_6pk,212,6,"['CSTE_0397_Organizer_StorageBox_Blue', 'CSTE_0397_Organizer_StorageBox_Blue', 'CSTE_0397_Organizer_StorageBox_Blue', 'CSTE_0397_Organizer_StorageBox_Blue', 'CSTE_0397_Organizer_StorageBox_Blue', 'CSTE_0397_Organizer_StorageBox_Blue']","[212, 212, 212, 212, 212, 212]"
Caaju_26Lstoragebox_grey_2pk,164,2,"['CSTE_0409_Orgn_Storage_26Ltr_Grey', 'CSTE_0409_Orgn_Storage_26Ltr_Grey']","[164, 164]"
Caaju_26Lstoragebox_grey_3pk,164,3,"['CSTE_0409_Orgn_Storage_26Ltr_Grey', 'CSTE_0409_Orgn_Storage_26Ltr_Grey', 'CSTE_0409_Orgn_Storage_26Ltr_Grey']","[164, 164, 164]"
Caaju_26Lstoragebox_grey_4pk,164,4,"['CSTE_0409_Orgn_Storage_26Ltr_Grey', 'CSTE_0409_Orgn_Storage_26Ltr_Grey', 'CSTE_0409_Orgn_Storage_26Ltr_Grey', 'CSTE_0409_Orgn_Storage_26Ltr_Grey']","[164, 164, 164, 164]"
Caaju_24grid_Beige_2pk,0,2,"['CSTE_0530_Organizer_Storage_Grid_24_Cream', 'CSTE_0530_Organizer_Storage_Grid_24_Cream']","[0, 0]"
Caaju_24grid_Grey_2pk,0,2,"['CSTE_0529_Organizer_Storage_Grid_24_Grey', 'CSTE_0529_Organizer_Storage_Grid_24_Grey']","[0, 0]"
XEXY_0001_Accs_Bamboo_Socks_Pink_2Pack,0,2,"['XEXY_0001_Accs_Bamboo_Xocks_Pink', 'XEXY_0001_Accs_Bamboo_Xocks_Pink']","[0, 0]"
XEXY_0001_Accs_Bamboo_Socks_Pink_3Pack,0,3,"['XEXY_0001_Accs_Bamboo_Xocks_Pink', 'XEXY_0001_Accs_Bamboo_Xocks_Pink', 'XEXY_0001_Accs_Bamboo_Xocks_Pink']","[0, 0, 0]"
XEXY_0001_Accs_Bamboo_Socks_Pink_6Pack,0,6,"['XEXY_0001_Accs_Bamboo_Xocks_Pink', 'XEXY_0001_Accs_Bamboo_Xocks_Pink', 'XEXY_0001_Accs_Bamboo_Xocks_Pink', 'XEXY_0001_Accs_Bamboo_Xocks_Pink', 'XEXY_0001_Accs_Bamboo_Xocks_Pink', 'XEXY_0001_Accs_Bamboo_Xocks_Pink']","[0, 0, 0, 0, 0, 0]"
